gbifID	datasetKey	occurrenceID	kingdom	phylum	class	order	family	genus	species	infraspecificEpithet	taxonRank	scientificName	verbatimScientificName	verbatimScientificNameAuthorship	countryCode	locality	stateProvince	occurrenceStatus	individualCount	publishingOrgKey	decimalLatitude	decimalLongitude	coordinateUncertaintyInMeters	coordinatePrecision	elevation	elevationAccuracy	depth	depthAccuracy	eventDate	day	month	year	taxonKey	speciesKey	basisOfRecord	institutionCode	collectionCode	catalogNumber	recordNumber	identifiedBy	dateIdentified	license	rightsHolder	recordedBy	typeStatus	establishmentMeans	lastInterpreted	mediaType	issue
896185586	66f6192f-6cc0-45fd-a2d1-e76f5ae3eab2	diveboard:122592_28519_0	Animalia	Chordata	Elasmobranchii	Orectolobiformes	Rhincodontidae	Rhincodon	Rhincodon typus		SPECIES	Rhincodon typus Smith, 1828	Rhincodon typus Smith, 1828		AU	St. Crispin Reef		PRESENT		1989b627-2a61-44db-83e4-392efc5da0a9	-16.1026	145.844	100.0		0.0	0.0	6.0	6.0	2011-02-14T15:00Z	14	2	2011	2417522	2417522	HUMAN_OBSERVATION	Diveboard	Diveboard	diveboard:122592_28519_0		Ericjon97	2011-02-14T00:00:00	CC_BY_NC_4_0	Diveboard	Ericjon97			2025-10-07T21:18:41.479Z		COORDINATE_REPROJECTION_SUSPICIOUS
857006364	66f6192f-6cc0-45fd-a2d1-e76f5ae3eab2	diveboard:29109_28519_0	Animalia	Chordata	Elasmobranchii	Orectolobiformes	Rhincodontidae	Rhincodon	Rhincodon typus		SPECIES	Rhincodon typus Smith, 1828	Rhincodon typus Smith, 1828		NR	Meneng Squash Courts		PRESENT		1989b627-2a61-44db-83e4-392efc5da0a9	-0.555235	166.93	100.0		0.0	0.0	9.5	9.5	1989-11-29T01:01Z	29	11	1989	2417522	2417522	HUMAN_OBSERVATION	Diveboard	Diveboard	diveboard:29109_28519_0		Matt Bird	1989-11-29T00:00:00	CC_BY_NC_4_0	Diveboard	Matt Bird			2025-10-07T21:18:55.172Z		COORDINATE_REPROJECTION_SUSPICIOUS;CONTINENT_DERIVED_FROM_COORDINATES
5837915888	50c9509d-22c7-4a22-a47d-8c48425ef4a7	https://www.inaturalist.org/observations/317845191	Animalia	Chordata	Elasmobranchii	Orectolobiformes	Rhincodontidae	Rhincodon	Rhincodon typus		SPECIES	Rhincodon typus Smith, 1828	Rhincodon typus		NC			PRESENT		28eb1a3f-1c15-4a95-931a-4af90ecb574d	-21.078297	164.731878	30415.0						2014-08-19T22:15	19	8	2014	2417522	2417522	HUMAN_OBSERVATION	iNaturalist	Observations	317845191		max2019	2025-09-30T20:18:14	CC_BY_NC_4_0	max2019	max2019			2025-10-20T20:39:11.239Z	StillImage	COORDINATE_ROUNDED;COUNTRY_DERIVED_FROM_COORDINATES;CONTINENT_DERIVED_FROM_COORDINATES
5276581485	dce8feb0-6c89-11de-8225-b8a03c50a862	123e3804-9c16-4281-be87-de9816d23236	Animalia	Chordata	Elasmobranchii	Orectolobiformes	Rhincodontidae	Rhincodon	Rhincodon typus		SPECIES	Rhincodon typus Smith, 1828	Rhincodon typus	Smith, 1828	AU		New South Wales	PRESENT		770c30d2-c2a8-4bb2-8056-6167297cddae	-36.996944	149.92612							2021-04-06	6	4	2021	2417522	2417522	OCCURRENCE	AM	Ichthyology	I.49596.003		AMS Party	2021-04-06T00:00:00	CC_BY_4_0		M. Bettanin			2025-10-24T10:05:17.948Z		CONTINENT_DERIVED_FROM_COORDINATES
5276551041	dce8feb0-6c89-11de-8225-b8a03c50a862	2043abc8-bcfa-4cf8-b8a1-d898b1e9d9a1	Animalia	Chordata	Elasmobranchii	Orectolobiformes	Rhincodontidae	Rhincodon	Rhincodon typus		SPECIES	Rhincodon typus Smith, 1828	Rhincodon typus	Smith, 1828	AU		New South Wales	PRESENT		770c30d2-c2a8-4bb2-8056-6167297cddae	-36.996944	149.92612							2021-04-06	6	4	2021	2417522	2417522	OCCURRENCE	AM	Ichthyology	I.49596.004		AMS Party	2021-04-06T00:00:00	CC_BY_4_0		M. Bettanin			2025-10-24T10:05:50.981Z		CONTINENT_DERIVED_FROM_COORDINATES
5276484443	dce8feb0-6c89-11de-8225-b8a03c50a862	592fa705-c181-4c5a-a918-991557b6b637	Animalia	Chordata	Elasmobranchii	Orectolobiformes	Rhincodontidae	Rhincodon	Rhincodon typus		SPECIES	Rhincodon typus Smith, 1828	Rhincodon typus	Smith, 1828	AU		New South Wales	PRESENT		770c30d2-c2a8-4bb2-8056-6167297cddae	-36.996944	149.92612							2021-04-06	6	4	2021	2417522	2417522	OCCURRENCE	AM	Ichthyology	I.49596-001		AMS Party	2021-04-06T00:00:00	CC_BY_4_0		M. Bettanin			2025-10-24T10:05:33.478Z	StillImage	CONTINENT_DERIVED_FROM_COORDINATES
5276462898	dce8feb0-6c89-11de-8225-b8a03c50a862	b704415b-9fc7-4a31-aa0a-4ab8b3f95b67	Animalia	Chordata	Elasmobranchii	Orectolobiformes	Rhincodontidae	Rhincodon	Rhincodon typus		SPECIES	Rhincodon typus Smith, 1828	Rhincodon typus	Smith, 1828	AU		New South Wales	PRESENT		770c30d2-c2a8-4bb2-8056-6167297cddae	-36.996944	149.92612							2021-04-06	6	4	2021	2417522	2417522	OCCURRENCE	AM	Ichthyology	I.49596.002		AMS Party	2021-04-06T00:00:00	CC_BY_4_0		M. Bettanin			2025-10-24T10:05:39.298Z		CONTINENT_DERIVED_FROM_COORDINATES
5198910392	50c9509d-22c7-4a22-a47d-8c48425ef4a7	https://www.inaturalist.org/observations/169341960	Animalia	Chordata	Elasmobranchii	Orectolobiformes	Rhincodontidae	Rhincodon	Rhincodon typus		SPECIES	Rhincodon typus Smith, 1828	Rhincodon typus		NC			PRESENT		28eb1a3f-1c15-4a95-931a-4af90ecb574d	-22.271025	166.055174	30298.0						2023-06-25	25	6	2023	2417522	2417522	HUMAN_OBSERVATION	iNaturalist	Observations	169341960		Pauline Fey	2023-06-25T08:43:59	CC_BY_NC_4_0	Pauline Fey	Pauline Fey			2025-10-20T22:12:24.724Z	StillImage	COORDINATE_ROUNDED;COUNTRY_DERIVED_FROM_COORDINATES
5088196896	50c9509d-22c7-4a22-a47d-8c48425ef4a7	https://www.inaturalist.org/observations/265783478	Animalia	Chordata	Elasmobranchii	Orectolobiformes	Rhincodontidae	Rhincodon	Rhincodon typus		SPECIES	Rhincodon typus Smith, 1828	Rhincodon typus		NZ		Northland	PRESENT		28eb1a3f-1c15-4a95-931a-4af90ecb574d	-35.4305	174.759856	28677.0						2025-03-16T10:53	16	3	2025	2417522	2417522	HUMAN_OBSERVATION	iNaturalist	Observations	265783478		Karen L. Middlemiss	2025-03-18T03:01:10	CC_BY_NC_4_0	Karen L. Middlemiss	Karen L. Middlemiss			2025-10-20T20:27:06.433Z	StillImage	COORDINATE_ROUNDED;CONTINENT_DERIVED_FROM_COORDINATES
5087950255	50c9509d-22c7-4a22-a47d-8c48425ef4a7	https://www.inaturalist.org/observations/265234076	Animalia	Chordata	Elasmobranchii	Orectolobiformes	Rhincodontidae	Rhincodon	Rhincodon typus		SPECIES	Rhincodon typus Smith, 1828	Rhincodon typus		AU			PRESENT		28eb1a3f-1c15-4a95-931a-4af90ecb574d	-18.536013	147.081275	30649.0						2022-09-04T22:04	4	9	2022	2417522	2417522	HUMAN_OBSERVATION	iNaturalist	Observations	265234076		kerrieeverrocks	2025-03-14T01:48:28	CC_BY_NC_4_0	kerrieeverrocks	kerrieeverrocks			2025-10-20T21:33:44.446Z	StillImage	COORDINATE_ROUNDED;COUNTRY_DERIVED_FROM_COORDINATES
5087851162	50c9509d-22c7-4a22-a47d-8c48425ef4a7	https://www.inaturalist.org/observations/265233771	Animalia	Chordata	Elasmobranchii	Orectolobiformes	Rhincodontidae	Rhincodon	Rhincodon typus		SPECIES	Rhincodon typus Smith, 1828	Rhincodon typus		AU			PRESENT		28eb1a3f-1c15-4a95-931a-4af90ecb574d	-18.549607	147.174651	30649.0						2022-10-06T10:59	6	10	2022	2417522	2417522	HUMAN_OBSERVATION	iNaturalist	Observations	265233771		kerrieeverrocks	2025-03-14T01:44:51	CC_BY_NC_4_0	kerrieeverrocks	kerrieeverrocks			2025-10-20T20:27:00.008Z	StillImage	COORDINATE_ROUNDED;COUNTRY_DERIVED_FROM_COORDINATES
5070197470	d174513f-b613-4462-b62e-91f2be66ecde	75e25ef6-d89c-483c-9dae-79c1520ad561	Animalia	Chordata	Elasmobranchii	Orectolobiformes	Rhincodontidae	Rhincodon	Rhincodon typus		SPECIES	Rhincodon typus Smith, 1828	Rhincodon typus	Smith, 1828	AU		Queensland	PRESENT	1	3c5e4331-7f2f-4a8d-aa56-81ece7014fc8	-27.5	153.5							2020-02-24T00:00	24	2	2020	2417522	2417522	HUMAN_OBSERVATION			https://www.redmap.org.au/sightings/3754			2020-06-12T18:56:54.403	CC_BY_NC_4_0					2025-10-08T03:35:07.441Z		CONTINENT_DERIVED_FROM_COORDINATES
5070195289	d174513f-b613-4462-b62e-91f2be66ecde	af833d1b-80d2-401b-9411-ec032da014fc	Animalia	Chordata	Elasmobranchii	Orectolobiformes	Rhincodontidae	Rhincodon	Rhincodon typus		SPECIES	Rhincodon typus Smith, 1828	Rhincodon typus	Smith, 1828	AU		Queensland	PRESENT	1	3c5e4331-7f2f-4a8d-aa56-81ece7014fc8	-27.5	153.5							2017-03-12T00:00	12	3	2017	2417522	2417522	HUMAN_OBSERVATION			https://www.redmap.org.au/sightings/2802			2017-03-13T10:31:26.957	CC_BY_NC_4_0					2025-10-08T03:35:07.105Z		CONTINENT_DERIVED_FROM_COORDINATES
5070195165	d174513f-b613-4462-b62e-91f2be66ecde	974497dc-740e-45af-8fa9-5f3d5ea7eb96	Animalia	Chordata	Elasmobranchii	Orectolobiformes	Rhincodontidae	Rhincodon	Rhincodon typus		SPECIES	Rhincodon typus Smith, 1828	Rhincodon typus	Smith, 1828	AU		New South Wales	PRESENT	1	3c5e4331-7f2f-4a8d-aa56-81ece7014fc8	-30.0	153.5							2020-02-29T00:00	29	2	2020	2417522	2417522	HUMAN_OBSERVATION			https://www.redmap.org.au/sightings/3685			2020-03-04T12:21:58.49	CC_BY_NC_4_0					2025-10-08T03:35:07.029Z		
5070194540	d174513f-b613-4462-b62e-91f2be66ecde	e7790eac-b7b3-4163-b344-cb662d039ac1	Animalia	Chordata	Elasmobranchii	Orectolobiformes	Rhincodontidae	Rhincodon	Rhincodon typus		SPECIES	Rhincodon typus Smith, 1828	Rhincodon typus	Smith, 1828	AU		New South Wales	PRESENT	1	3c5e4331-7f2f-4a8d-aa56-81ece7014fc8	-36.5	150.5							2012-01-26T00:00	26	1	2012	2417522	2417522	HUMAN_OBSERVATION			https://www.redmap.org.au/sightings/1039			2013-07-09T20:07:20.617	CC_BY_NC_4_0					2025-10-08T03:35:06.858Z		
5064008125	50c9509d-22c7-4a22-a47d-8c48425ef4a7	https://www.inaturalist.org/observations/261037169	Animalia	Chordata	Elasmobranchii	Orectolobiformes	Rhincodontidae	Rhincodon	Rhincodon typus		SPECIES	Rhincodon typus Smith, 1828	Rhincodon typus		NZ		Bay of Plenty	PRESENT		28eb1a3f-1c15-4a95-931a-4af90ecb574d	-37.386748	176.261022	28417.0						2025-02-08T18:18	8	2	2025	2417522	2417522	HUMAN_OBSERVATION	iNaturalist	Observations	261037169		Karen L. Middlemiss	2025-02-08T20:56:05	CC_BY_NC_4_0	Karen L. Middlemiss	Karen L. Middlemiss			2025-10-20T20:27:02.014Z	StillImage	COORDINATE_ROUNDED
5007175353	50c9509d-22c7-4a22-a47d-8c48425ef4a7	https://www.inaturalist.org/observations/257288671	Animalia	Chordata	Elasmobranchii	Orectolobiformes	Rhincodontidae	Rhincodon	Rhincodon typus		SPECIES	Rhincodon typus Smith, 1828	Rhincodon typus		AU		New South Wales	PRESENT		28eb1a3f-1c15-4a95-931a-4af90ecb574d	-34.996087	150.82945	954.0						2025-01-03T08:35	3	1	2025	2417522	2417522	HUMAN_OBSERVATION	iNaturalist	Observations	257288671		C Hewitt	2025-01-03T23:37:11	CC_BY_NC_4_0	bigfatmorwong	bigfatmorwong			2025-10-20T20:25:32.267Z	StillImage	COORDINATE_ROUNDED;CONTINENT_DERIVED_FROM_COORDINATES
4982230460	50c9509d-22c7-4a22-a47d-8c48425ef4a7	https://www.inaturalist.org/observations/251697412	Animalia	Chordata	Elasmobranchii	Orectolobiformes	Rhincodontidae	Rhincodon	Rhincodon typus		SPECIES	Rhincodon typus Smith, 1828	Rhincodon typus		AU			PRESENT		28eb1a3f-1c15-4a95-931a-4af90ecb574d	-11.758253	143.944732	31126.0						2024-10-25T12:10:13	25	10	2024	2417522	2417522	HUMAN_OBSERVATION	iNaturalist	Observations	251697412		Logan Stallard	2024-11-14T21:37:08	CC_BY_NC_4_0	stathi	stathi			2025-10-20T21:31:08.713Z	StillImage	COORDINATE_ROUNDED;COUNTRY_DERIVED_FROM_COORDINATES
4863657175	50c9509d-22c7-4a22-a47d-8c48425ef4a7	https://www.inaturalist.org/observations/215689251	Animalia	Chordata	Elasmobranchii	Orectolobiformes	Rhincodontidae	Rhincodon	Rhincodon typus		SPECIES	Rhincodon typus Smith, 1828	Rhincodon typus		NC			PRESENT		28eb1a3f-1c15-4a95-931a-4af90ecb574d	-22.311052	166.074197	30298.0						2023-04-03T03:00	3	4	2023	2417522	2417522	HUMAN_OBSERVATION	iNaturalist	Observations	215689251		Atticus Williams	2024-05-14T15:03:30	CC_BY_NC_4_0	lpages14	lpages14			2025-10-20T20:13:02.764Z	StillImage	COORDINATE_ROUNDED;COUNTRY_DERIVED_FROM_COORDINATES
4528303921	50c9509d-22c7-4a22-a47d-8c48425ef4a7	https://www.inaturalist.org/observations/200457284	Animalia	Chordata	Elasmobranchii	Orectolobiformes	Rhincodontidae	Rhincodon	Rhincodon typus		SPECIES	Rhincodon typus Smith, 1828	Rhincodon typus		NZ			PRESENT		28eb1a3f-1c15-4a95-931a-4af90ecb574d	-35.797352	175.031582	28649.0						2024-02-21T12:28	21	2	2024	2417522	2417522	HUMAN_OBSERVATION	iNaturalist	Observations	200457284		Karen L. Middlemiss	2024-02-25T23:40:51	CC_BY_NC_4_0	Karen L. Middlemiss	Karen L. Middlemiss			2025-10-20T22:19:24.971Z	StillImage	COORDINATE_ROUNDED;COUNTRY_DERIVED_FROM_COORDINATES
4522813642	50c9509d-22c7-4a22-a47d-8c48425ef4a7	https://www.inaturalist.org/observations/199127300	Animalia	Chordata	Elasmobranchii	Orectolobiformes	Rhincodontidae	Rhincodon	Rhincodon typus		SPECIES	Rhincodon typus Smith, 1828	Rhincodon typus		NZ			PRESENT		28eb1a3f-1c15-4a95-931a-4af90ecb574d	-35.091104	174.385173	28734.0						2024-02-05T11:32	5	2	2024	2417522	2417522	HUMAN_OBSERVATION	iNaturalist	Observations	199127300		Karen L. Middlemiss	2024-02-12T19:50:15	CC_BY_NC_4_0	Karen L. Middlemiss	Karen L. Middlemiss			2025-10-20T21:21:08.571Z	StillImage	COORDINATE_ROUNDED;COUNTRY_DERIVED_FROM_COORDINATES
4522812487	50c9509d-22c7-4a22-a47d-8c48425ef4a7	https://www.inaturalist.org/observations/199128070	Animalia	Chordata	Elasmobranchii	Orectolobiformes	Rhincodontidae	Rhincodon	Rhincodon typus		SPECIES	Rhincodon typus Smith, 1828	Rhincodon typus		NZ		Northland	PRESENT		28eb1a3f-1c15-4a95-931a-4af90ecb574d	-35.487894	174.752808	28677.0						2024-02-06T11:32	6	2	2024	2417522	2417522	HUMAN_OBSERVATION	iNaturalist	Observations	199128070		Karen L. Middlemiss	2024-02-12T19:59:19	CC_BY_NC_4_0	Karen L. Middlemiss	Karen L. Middlemiss			2025-10-20T21:21:12.266Z	StillImage	COORDINATE_ROUNDED;CONTINENT_DERIVED_FROM_COORDINATES
4522789695	50c9509d-22c7-4a22-a47d-8c48425ef4a7	https://www.inaturalist.org/observations/199128071	Animalia	Chordata	Elasmobranchii	Orectolobiformes	Rhincodontidae	Rhincodon	Rhincodon typus		SPECIES	Rhincodon typus Smith, 1828	Rhincodon typus		NZ		Northland	PRESENT		28eb1a3f-1c15-4a95-931a-4af90ecb574d	-35.440895	174.755926	28677.0						2024-02-06T11:32	6	2	2024	2417522	2417522	HUMAN_OBSERVATION	iNaturalist	Observations	199128071		Karen L. Middlemiss	2024-02-12T19:59:19	CC_BY_NC_4_0	Karen L. Middlemiss	Karen L. Middlemiss			2025-10-20T21:21:11.557Z	StillImage	COORDINATE_ROUNDED;CONTINENT_DERIVED_FROM_COORDINATES
4522771100	50c9509d-22c7-4a22-a47d-8c48425ef4a7	https://www.inaturalist.org/observations/199161787	Animalia	Chordata	Elasmobranchii	Orectolobiformes	Rhincodontidae	Rhincodon	Rhincodon typus		SPECIES	Rhincodon typus Smith, 1828	Rhincodon typus		NZ			PRESENT		28eb1a3f-1c15-4a95-931a-4af90ecb574d	-35.479514	174.815669	28677.0						2024-01-06T09:52	6	1	2024	2417522	2417522	HUMAN_OBSERVATION	iNaturalist	Observations	199161787		Karen L. Middlemiss	2024-02-13T03:42:20	CC_BY_NC_4_0	Karen L. Middlemiss	Karen L. Middlemiss			2025-10-20T21:21:09.707Z	StillImage	COORDINATE_ROUNDED;COUNTRY_DERIVED_FROM_COORDINATES
4519098386	50c9509d-22c7-4a22-a47d-8c48425ef4a7	https://www.inaturalist.org/observations/198012861	Animalia	Chordata	Elasmobranchii	Orectolobiformes	Rhincodontidae	Rhincodon	Rhincodon typus		SPECIES	Rhincodon typus Smith, 1828	Rhincodon typus		NZ		Auckland	PRESENT		28eb1a3f-1c15-4a95-931a-4af90ecb574d	-36.266469	175.268188	28563.0						2024-01-25T09:10:54	25	1	2024	2417522	2417522	HUMAN_OBSERVATION	iNaturalist	Observations	198012861		lyonsmiths	2024-01-30T23:53:55	CC_BY_NC_4_0	lyonsmiths	lyonsmiths			2025-10-20T21:20:57.592Z	StillImage	COORDINATE_ROUNDED;CONTINENT_DERIVED_FROM_COORDINATES
4516516224	50c9509d-22c7-4a22-a47d-8c48425ef4a7	https://www.inaturalist.org/observations/197431054	Animalia	Chordata	Elasmobranchii	Orectolobiformes	Rhincodontidae	Rhincodon	Rhincodon typus		SPECIES	Rhincodon typus Smith, 1828	Rhincodon typus		AU			PRESENT		28eb1a3f-1c15-4a95-931a-4af90ecb574d	-15.500133	145.637112	30885.0						2024-01-17T12:11	17	1	2024	2417522	2417522	HUMAN_OBSERVATION	iNaturalist	Observations	197431054		Jack Breedon	2024-01-24T02:15:06	CC_BY_NC_4_0	Jack Breedon	Jack Breedon			2025-10-20T21:20:47.330Z	StillImage	COORDINATE_ROUNDED;COUNTRY_DERIVED_FROM_COORDINATES
4465758841	50c9509d-22c7-4a22-a47d-8c48425ef4a7	https://www.inaturalist.org/observations/193631870	Animalia	Chordata	Elasmobranchii	Orectolobiformes	Rhincodontidae	Rhincodon	Rhincodon typus		SPECIES	Rhincodon typus Smith, 1828	Rhincodon typus		AU			PRESENT		28eb1a3f-1c15-4a95-931a-4af90ecb574d	-12.33143	143.977606	31092.0						2023-11-30T13:52	30	11	2023	2417522	2417522	HUMAN_OBSERVATION	iNaturalist	Observations	193631870		Simon Pierce	2023-12-10T20:11:35	CC_BY_NC_4_0	Simon Pierce	Simon Pierce			2025-10-20T20:08:04.556Z	StillImage	COORDINATE_ROUNDED;COUNTRY_DERIVED_FROM_COORDINATES
4162362747	50c9509d-22c7-4a22-a47d-8c48425ef4a7	https://www.inaturalist.org/observations/173033202	Animalia	Chordata	Elasmobranchii	Orectolobiformes	Rhincodontidae	Rhincodon	Rhincodon typus		SPECIES	Rhincodon typus Smith, 1828	Rhincodon typus		AU		Queensland	PRESENT		28eb1a3f-1c15-4a95-931a-4af90ecb574d	-27.380525	153.55807	6744.0						2008-01-27T08:31	27	1	2008	2417522	2417522	HUMAN_OBSERVATION	iNaturalist	Observations	173033202		Paul Sorensen	2023-07-15T15:55:50	CC_BY_NC_4_0	Paul Sorensen	Paul Sorensen			2025-10-20T22:13:53.668Z	StillImage	COORDINATE_ROUNDED;CONTINENT_DERIVED_FROM_COORDINATES
4121264878	50c9509d-22c7-4a22-a47d-8c48425ef4a7	https://www.inaturalist.org/observations/162561376	Animalia	Chordata	Elasmobranchii	Orectolobiformes	Rhincodontidae	Rhincodon	Rhincodon typus		SPECIES	Rhincodon typus Smith, 1828	Rhincodon typus		NC			PRESENT		28eb1a3f-1c15-4a95-931a-4af90ecb574d	-22.38926	166.184499	30298.0						2016-06-10T09:35	10	6	2016	2417522	2417522	HUMAN_OBSERVATION	iNaturalist	Observations	162561376		laurentdenoumea	2023-05-19T22:36:55	CC_BY_NC_4_0	laurentdenoumea	laurentdenoumea			2025-10-20T22:10:40.882Z	StillImage	COORDINATE_ROUNDED;COUNTRY_DERIVED_FROM_COORDINATES
4102881317	50c9509d-22c7-4a22-a47d-8c48425ef4a7	https://www.inaturalist.org/observations/157408583	Animalia	Chordata	Elasmobranchii	Orectolobiformes	Rhincodontidae	Rhincodon	Rhincodon typus		SPECIES	Rhincodon typus Smith, 1828	Rhincodon typus		AU		Queensland	PRESENT		28eb1a3f-1c15-4a95-931a-4af90ecb574d	-9.918603	144.04939	2076.0						2023-04-29T12:05:05	29	4	2023	2417522	2417522	HUMAN_OBSERVATION	iNaturalist	Observations	157408583		caroldavid054	2023-04-29T02:26:54	CC_BY_NC_4_0	caroldavid054	caroldavid054			2025-10-20T19:59:03.565Z	StillImage	COORDINATE_ROUNDED;CONTINENT_DERIVED_FROM_COORDINATES
4062684238	50c9509d-22c7-4a22-a47d-8c48425ef4a7	https://www.inaturalist.org/observations/150998656	Animalia	Chordata	Elasmobranchii	Orectolobiformes	Rhincodontidae	Rhincodon	Rhincodon typus		SPECIES	Rhincodon typus Smith, 1828	Rhincodon typus		AU		New South Wales	PRESENT		28eb1a3f-1c15-4a95-931a-4af90ecb574d	-30.431622	153.0764	93.0						2023-03-13T06:47:01	13	3	2023	2417522	2417522	HUMAN_OBSERVATION	iNaturalist	Observations	150998656		Thomas Mesaglio	2023-03-13T02:12:58	CC_BY_NC_4_0	urungaroger	urungaroger			2025-10-20T19:57:37.471Z	StillImage	COORDINATE_ROUNDED;CONTINENT_DERIVED_FROM_COORDINATES
4029020449	50c9509d-22c7-4a22-a47d-8c48425ef4a7	https://www.inaturalist.org/observations/147372385	Animalia	Chordata	Elasmobranchii	Orectolobiformes	Rhincodontidae	Rhincodon	Rhincodon typus		SPECIES	Rhincodon typus Smith, 1828	Rhincodon typus		NZ			PRESENT		28eb1a3f-1c15-4a95-931a-4af90ecb574d	-34.645345	173.439732	28790.0						2023-01-07	7	1	2023	2417522	2417522	HUMAN_OBSERVATION	iNaturalist	Observations	147372385		Clinton Duffy	2023-01-26T04:33:09	CC_BY_NC_4_0	Clinton Duffy	Clinton Duffy			2025-10-20T21:28:42.297Z	StillImage	COORDINATE_ROUNDED;COUNTRY_DERIVED_FROM_COORDINATES
4018006390	0645ccdb-e001-4ab0-9729-51f1755e007e	3a86bddd-c78a-48f8-98dc-4fee3bd0012e	Animalia	Chordata	Elasmobranchii	Orectolobiformes	Rhincodontidae	Rhincodon	Rhincodon typus		SPECIES	Rhincodon typus Smith, 1828	Rhincodon typus	Smith, 1828	AU	locality withheld	New South Wales	PRESENT		ef66652d-3cc3-4140-b268-a07d1e53441b	-32.409317	152.515025	200.0	1.0E-9					2021-01-26/2021-04-23			2021	2417522	2417522	HUMAN_OBSERVATION	NSW Dept of Planning, Industry and Environment	BioNet Atlas of NSW Wildlife	SPJGI7498875	MAR20212739			CC_BY_4_0	NSW Dept of Planning and Environment	OPJGI0003538			2025-10-24T20:54:21.820Z		CONTINENT_DERIVED_FROM_COORDINATES
4017975534	0645ccdb-e001-4ab0-9729-51f1755e007e	c0f9afc8-8cad-41c7-8396-3831e1cbdc18	Animalia	Chordata	Elasmobranchii	Orectolobiformes	Rhincodontidae	Rhincodon	Rhincodon typus		SPECIES	Rhincodon typus Smith, 1828	Rhincodon typus	Smith, 1828	AU	locality withheld	New South Wales	PRESENT		ef66652d-3cc3-4140-b268-a07d1e53441b	-30.09477	153.20106	200.0	1.0E-9					2021-12-16/2021-12-17		12	2021	2417522	2417522	HUMAN_OBSERVATION	NSW Dept of Planning, Industry and Environment	BioNet Atlas of NSW Wildlife	SPJGI7499380	MAR20214497			CC_BY_4_0	NSW Dept of Planning and Environment	OPJGI0003464			2025-10-24T20:56:31.403Z		CONTINENT_DERIVED_FROM_COORDINATES
4017952373	0645ccdb-e001-4ab0-9729-51f1755e007e	354c88e3-b214-4e4b-8d10-228fd82f0cce	Animalia	Chordata	Elasmobranchii	Orectolobiformes	Rhincodontidae	Rhincodon	Rhincodon typus		SPECIES	Rhincodon typus Smith, 1828	Rhincodon typus	Smith, 1828	AU	locality withheld	New South Wales	PRESENT		ef66652d-3cc3-4140-b268-a07d1e53441b	-37.009701	149.932185	200.0	1.0E-9					2021-04-06/2021-04-13		4	2021	2417522	2417522	HUMAN_OBSERVATION	NSW Dept of Planning, Industry and Environment	BioNet Atlas of NSW Wildlife	SPJGI7498942	MAR20212807			CC_BY_4_0	NSW Dept of Planning and Environment	OPJGI0003493			2025-10-24T20:52:55.330Z		CONTINENT_DERIVED_FROM_COORDINATES
3963564710	50c9509d-22c7-4a22-a47d-8c48425ef4a7	https://www.inaturalist.org/observations/140912154	Animalia	Chordata	Elasmobranchii	Orectolobiformes	Rhincodontidae	Rhincodon	Rhincodon typus		SPECIES	Rhincodon typus Smith, 1828	Rhincodon typus		AU			PRESENT		28eb1a3f-1c15-4a95-931a-4af90ecb574d	-18.204073	147.312617	30666.0						2022-10-30T10:51	30	10	2022	2417522	2417522	HUMAN_OBSERVATION	iNaturalist	Observations	140912154		mcraperi	2022-11-02T20:54:22	CC_BY_NC_4_0	mcraperi	mcraperi			2025-10-20T22:06:25.223Z	StillImage	COORDINATE_ROUNDED;COUNTRY_DERIVED_FROM_COORDINATES
3925255063	50c9509d-22c7-4a22-a47d-8c48425ef4a7	https://www.inaturalist.org/observations/137825927	Animalia	Chordata	Elasmobranchii	Orectolobiformes	Rhincodontidae	Rhincodon	Rhincodon typus		SPECIES	Rhincodon typus Smith, 1828	Rhincodon typus		AU			PRESENT		28eb1a3f-1c15-4a95-931a-4af90ecb574d	-18.89514	147.740256	30615.0						2022-10-02T09:35	2	10	2022	2417522	2417522	HUMAN_OBSERVATION	iNaturalist	Observations	137825927		cek_	2022-10-07T03:34:03	CC_BY_NC_4_0	cek_	cek_			2025-10-20T19:55:44.073Z	StillImage	COORDINATE_ROUNDED;COUNTRY_DERIVED_FROM_COORDINATES
3909545352	e3ce628e-9683-4af7-b7a9-47eef785d3bb	f9b2b00b-4e89-42b6-b318-e0ddf57b8b68	Animalia	Chordata	Elasmobranchii	Orectolobiformes	Rhincodontidae	Rhincodon	Rhincodon typus		SPECIES	Rhincodon typus Smith, 1828	Rhincodon typus	Smith, 1828	AU		New South Wales	PRESENT		17726825-3aa2-4fbc-b0e3-303d3fc5702f	-30.2	153.3							2021-03-01T08:14Z	1	3	2021	2417522	2417522	HUMAN_OBSERVATION				questagame-509779	<a href=https://bee.questagame.com/#/profile/49486?questagame_user_id=49486>HartyDevils (Low)</a>;<a href=https://bee.questagame.com/#/profile/12608?questagame_user_id=12608>Greg McCroary (Medium)</a>;<a href=https://bee.questagame.com/#/profile/15407?questagame_user_id=15407>penelopeuq (Medium)</a>;<a href=https://bee.questagame.com/#/profile/31485?questagame_user_id=31485>David (High)</a>;<a href=https://bee.questagame.com/#/profile/46574?questagame_user_id=46574>nhr (Low)</a>;<a href=https://bee.questagame.com/#/profile/38317?questagame_user_id=38317>Animalia (Medium)</a>;<a href=https://bee.questagame.com/#/profile/14758?questagame_user_id=14758>octonaughts (Medium)</a>		CC_BY_NC_4_0		<a href='https://bee.questagame.com/#/profile/49487?questagame_user_id=49487'> CptBarnaby;questagame.com</a>			2025-10-24T10:25:09.535Z	StillImage	CONTINENT_DERIVED_FROM_COORDINATES
3780314572	e4473544-f4cd-4429-b791-39d6e1fdb0a4	ffef59da-1226-462b-b0d6-af8def0368e6	Animalia	Chordata	Elasmobranchii	Orectolobiformes	Rhincodontidae	Rhincodon	Rhincodon typus		SPECIES	Rhincodon typus Smith, 1828	Rhincodon typus	Smith, 1828	AU	Eastern edge of Hopkinson Reef	Queensland	PRESENT		96835ce2-d3af-4f6e-af81-faa0c7576fa4	-18.555667	147.200667	500.0	1.0E-5					2016-11-24	24	11	2016	2417522	2417522	MACHINE_OBSERVATION		Incidental Records					CC_BY_4_0	Queensland Government				2025-10-24T09:59:35.669Z		
3780313041	e4473544-f4cd-4429-b791-39d6e1fdb0a4	f9255ea4-367a-4859-a7d6-cc74ea13cd4b	Animalia	Chordata	Elasmobranchii	Orectolobiformes	Rhincodontidae	Rhincodon	Rhincodon typus		SPECIES	Rhincodon typus Smith, 1828	Rhincodon typus	Smith, 1828	AU	Three reef - centroid taken as exact location not provided in Raine Island Report	Queensland	PRESENT		96835ce2-d3af-4f6e-af81-faa0c7576fa4	-11.769293	143.895943	3000.0	1.0E-5					2011-03-07/2011-03-19		3	2011	2417522	2417522	MACHINE_OBSERVATION		Incidental Records					CC_BY_4_0	Queensland Government				2025-10-24T09:59:32.729Z		
3779976179	e4473544-f4cd-4429-b791-39d6e1fdb0a4	a2039594-64ed-4975-aad4-68f67a5257cf	Animalia	Chordata	Elasmobranchii	Orectolobiformes	Rhincodontidae	Rhincodon	Rhincodon typus		SPECIES	Rhincodon typus Smith, 1828	Rhincodon typus	Smith, 1828	AU	Gold Coast - Palm Beach	Queensland	PRESENT		96835ce2-d3af-4f6e-af81-faa0c7576fa4	-28.108312	153.470045	50.0	1.0E-5					2012-01-07	7	1	2012	2417522	2417522	MACHINE_OBSERVATION		Moreton Bay District					CC_BY_4_0	Queensland Government				2025-10-24T09:59:46.998Z		CONTINENT_DERIVED_FROM_COORDINATES
3779636172	e4473544-f4cd-4429-b791-39d6e1fdb0a4	26434a64-f79a-4d14-86e5-c92d1d0fe762	Animalia	Chordata	Elasmobranchii	Orectolobiformes	Rhincodontidae	Rhincodon	Rhincodon typus		SPECIES	Rhincodon typus Smith, 1828	Rhincodon typus	Smith, 1828	AU	Raine Island National Park (Scientific), Moulter Cay, GBR, FNQ.	Queensland	PRESENT		96835ce2-d3af-4f6e-af81-faa0c7576fa4	-11.40687	144.02062	465.0	1.0E-5					2013-01-12	12	1	2013	2417522	2417522	HUMAN_OBSERVATION		Rod Hobson's wildlife data					CC_BY_4_0	Queensland Government				2025-10-24T09:59:21.300Z		CONTINENT_DERIVED_FROM_COORDINATES
3779397074	e4473544-f4cd-4429-b791-39d6e1fdb0a4	dc242590-17e7-49f8-8901-e98dd2c9c139	Animalia	Chordata	Elasmobranchii	Orectolobiformes	Rhincodontidae	Rhincodon	Rhincodon typus		SPECIES	Rhincodon typus Smith, 1828	Rhincodon typus	Smith, 1828	AU	Noosa Beach	Queensland	PRESENT		96835ce2-d3af-4f6e-af81-faa0c7576fa4	-26.385655	153.090165	500.0	1.0E-5					2021-01-27	27	1	2021	2417522	2417522	HUMAN_OBSERVATION		Incidental Records					CC_BY_4_0	Queensland Government				2025-10-24T09:59:43.048Z		CONTINENT_DERIVED_FROM_COORDINATES
3779379371	e4473544-f4cd-4429-b791-39d6e1fdb0a4	c5bdb611-6fa8-48b2-9da8-76c9c750fa30	Animalia	Chordata	Elasmobranchii	Orectolobiformes	Rhincodontidae	Rhincodon	Rhincodon typus		SPECIES	Rhincodon typus Smith, 1828	Rhincodon typus	Smith, 1828	AU	SS Yongala Wreck	Queensland	PRESENT		96835ce2-d3af-4f6e-af81-faa0c7576fa4	-19.420767	147.521667	300.0	1.0E-5					2014-11-09	9	11	2014	2417522	2417522	MACHINE_OBSERVATION		SharkBase					CC_BY_4_0	Queensland Government				2025-10-24T09:59:54.796Z		CONTINENT_DERIVED_FROM_COORDINATES
3779297288	e4473544-f4cd-4429-b791-39d6e1fdb0a4	aece148d-d95b-4909-8a97-f08ab95de03f	Animalia	Chordata	Elasmobranchii	Orectolobiformes	Rhincodontidae	Rhincodon	Rhincodon typus		SPECIES	Rhincodon typus Smith, 1828	Rhincodon typus	Smith, 1828	AU	Flat Rock off North Stradbroke Island	Queensland	PRESENT		96835ce2-d3af-4f6e-af81-faa0c7576fa4	-27.4	153.551133	1000.0	1.0E-5					2008-01-27	27	1	2008	2417522	2417522	MACHINE_OBSERVATION		Incidental Records					CC_BY_4_0	Queensland Government				2025-10-24T09:59:25.549Z		CONTINENT_DERIVED_FROM_COORDINATES
3779149907	e4473544-f4cd-4429-b791-39d6e1fdb0a4	8a8913c8-81ec-4598-8771-3df6a5599dc6	Animalia	Chordata	Elasmobranchii	Orectolobiformes	Rhincodontidae	Rhincodon	Rhincodon typus		SPECIES	Rhincodon typus Smith, 1828	Rhincodon typus	Smith, 1828	AU	Moulter Cay, Raine Island National Park (Scientific)	Queensland	PRESENT		96835ce2-d3af-4f6e-af81-faa0c7576fa4	-11.40687	144.02062	465.0	1.0E-5					2013-01-05/2013-01-16		1	2013	2417522	2417522	HUMAN_OBSERVATION		Rod Hobson's wildlife data					CC_BY_4_0	Queensland Government				2025-10-24T09:59:51.279Z		CONTINENT_DERIVED_FROM_COORDINATES
3779067746	e4473544-f4cd-4429-b791-39d6e1fdb0a4	660a3d49-eb64-46cf-b4d2-470469b408b2	Animalia	Chordata	Elasmobranchii	Orectolobiformes	Rhincodontidae	Rhincodon	Rhincodon typus		SPECIES	Rhincodon typus Smith, 1828	Rhincodon typus	Smith, 1828	AU	mouth Theodolite Creek, Woodgate SEQ	Queensland	PRESENT		96835ce2-d3af-4f6e-af81-faa0c7576fa4	-25.069657	152.546342	200.0	1.0E-5					2000-03-01/2000-03-31		3	2000	2417522	2417522	HUMAN_OBSERVATION		Rod Hobson's wildlife data					CC_BY_4_0	Queensland Government				2025-10-24T09:59:36.216Z		CONTINENT_DERIVED_FROM_COORDINATES
3778928474	e4473544-f4cd-4429-b791-39d6e1fdb0a4	449d6133-0a9e-4225-a8e8-5545e7ed40d4	Animalia	Chordata	Elasmobranchii	Orectolobiformes	Rhincodontidae	Rhincodon	Rhincodon typus		SPECIES	Rhincodon typus Smith, 1828	Rhincodon typus	Smith, 1828	AU	off Lady Musgrave Island (exact coordinates not known but island mentioned and viewed in the distance)	Queensland	PRESENT		96835ce2-d3af-4f6e-af81-faa0c7576fa4	-23.910351	152.383983	999.0	1.0E-5					2021-01-07	7	1	2021	2417522	2417522	MACHINE_OBSERVATION		Incidental Records					CC_BY_4_0	Queensland Government				2025-10-24T09:59:23.088Z		CONTINENT_DERIVED_FROM_COORDINATES
3778800208	e4473544-f4cd-4429-b791-39d6e1fdb0a4	1a1014e9-41e7-47f2-b81c-faa51462c74d	Animalia	Chordata	Elasmobranchii	Orectolobiformes	Rhincodontidae	Rhincodon	Rhincodon typus		SPECIES	Rhincodon typus Smith, 1828	Rhincodon typus	Smith, 1828	AU	100 m north of Ngkala Rocks, Eastern Beach, Fraser Island	Queensland	PRESENT		96835ce2-d3af-4f6e-af81-faa0c7576fa4	-24.8973	153.2721	100.0	1.0E-5					2003-09-09	9	9	2003	2417522	2417522	MACHINE_OBSERVATION		Incidental Records					CC_BY_4_0	Queensland Government				2025-10-24T09:59:53.845Z		CONTINENT_DERIVED_FROM_COORDINATES
3466460569	50c9509d-22c7-4a22-a47d-8c48425ef4a7	https://www.inaturalist.org/observations/105685691	Animalia	Chordata	Elasmobranchii	Orectolobiformes	Rhincodontidae	Rhincodon	Rhincodon typus		SPECIES	Rhincodon typus Smith, 1828	Rhincodon typus		NZ			PRESENT		28eb1a3f-1c15-4a95-931a-4af90ecb574d	-36.224973	175.800968	28563.0						2022-01-27T13:39	27	1	2022	2417522	2417522	HUMAN_OBSERVATION	iNaturalist	Observations	105685691		Clinton Duffy	2022-01-27T22:50:45	CC_BY_NC_4_0	Clinton Duffy	Clinton Duffy			2025-10-20T19:48:04.849Z	StillImage	COORDINATE_ROUNDED;COUNTRY_DERIVED_FROM_COORDINATES
3455543850	50c9509d-22c7-4a22-a47d-8c48425ef4a7	https://www.inaturalist.org/observations/103136512	Animalia	Chordata	Elasmobranchii	Orectolobiformes	Rhincodontidae	Rhincodon	Rhincodon typus		SPECIES	Rhincodon typus Smith, 1828	Rhincodon typus		AU		New South Wales	PRESENT		28eb1a3f-1c15-4a95-931a-4af90ecb574d	-30.092514	153.200622	6.0						2021-12-16T16:42:34	16	12	2021	2417522	2417522	HUMAN_OBSERVATION	iNaturalist	Observations	103136512		sp1_der	2021-12-16T08:39:05	CC_BY_NC_4_0	sp1_der	sp1_der			2025-10-20T19:46:16.807Z	StillImage	COORDINATE_ROUNDED;CONTINENT_DERIVED_FROM_COORDINATES
3445673628	3f4d4bf1-5f9a-43f2-a0d8-ff6ed5952796	56773495-23592657-2011-10-05	Animalia	Chordata	Elasmobranchii	Orectolobiformes	Rhincodontidae	Rhincodon	Rhincodon typus		SPECIES	Rhincodon typus Smith, 1828	Rhincodon typus	Smith, 1828	AU	Ling Creek Downstream		PRESENT		5fa89f68-9af0-4a0d-8998-ea39695c1db9	-12.29	142.1	500.0				3.0	0.0	2011-10-05	5	10	2011	2417522	2417522	MACHINE_OBSERVATION	IMOS	IMOS_ATF_AD					CC_BY_4_0					2025-10-07T16:31:07.568Z		GEODETIC_DATUM_ASSUMED_WGS84;FOOTPRINT_WKT_INVALID;CONTINENT_DERIVED_FROM_COORDINATES
3445668600	3f4d4bf1-5f9a-43f2-a0d8-ff6ed5952796	56773495-23592657-2011-11-29	Animalia	Chordata	Elasmobranchii	Orectolobiformes	Rhincodontidae	Rhincodon	Rhincodon typus		SPECIES	Rhincodon typus Smith, 1828	Rhincodon typus	Smith, 1828	AU	Ling Creek Downstream		PRESENT		5fa89f68-9af0-4a0d-8998-ea39695c1db9	-12.29	142.1	500.0				3.0	0.0	2011-11-29	29	11	2011	2417522	2417522	MACHINE_OBSERVATION	IMOS	IMOS_ATF_AD					CC_BY_4_0					2025-10-07T16:31:03.272Z		GEODETIC_DATUM_ASSUMED_WGS84;FOOTPRINT_WKT_INVALID;CONTINENT_DERIVED_FROM_COORDINATES
3445668599	3f4d4bf1-5f9a-43f2-a0d8-ff6ed5952796	56773495-23167449-2011-06-24	Animalia	Chordata	Elasmobranchii	Orectolobiformes	Rhincodontidae	Rhincodon	Rhincodon typus		SPECIES	Rhincodon typus Smith, 1828	Rhincodon typus	Smith, 1828	AU	Ling Creek Downstream		PRESENT		5fa89f68-9af0-4a0d-8998-ea39695c1db9	-12.29	142.1	500.0				3.0	0.0	2011-06-24	24	6	2011	2417522	2417522	MACHINE_OBSERVATION	IMOS	IMOS_ATF_AD					CC_BY_4_0					2025-10-07T16:31:03.272Z		GEODETIC_DATUM_ASSUMED_WGS84;FOOTPRINT_WKT_INVALID;CONTINENT_DERIVED_FROM_COORDINATES
3445656661	3f4d4bf1-5f9a-43f2-a0d8-ff6ed5952796	56773495-23592657-2011-10-22	Animalia	Chordata	Elasmobranchii	Orectolobiformes	Rhincodontidae	Rhincodon	Rhincodon typus		SPECIES	Rhincodon typus Smith, 1828	Rhincodon typus	Smith, 1828	AU	Ling Creek Downstream		PRESENT		5fa89f68-9af0-4a0d-8998-ea39695c1db9	-12.29	142.1	500.0				3.0	0.0	2011-10-22	22	10	2011	2417522	2417522	MACHINE_OBSERVATION	IMOS	IMOS_ATF_AD					CC_BY_4_0					2025-10-07T16:31:06.666Z		GEODETIC_DATUM_ASSUMED_WGS84;FOOTPRINT_WKT_INVALID;CONTINENT_DERIVED_FROM_COORDINATES
3445649593	3f4d4bf1-5f9a-43f2-a0d8-ff6ed5952796	56773495-23167449-2011-07-10	Animalia	Chordata	Elasmobranchii	Orectolobiformes	Rhincodontidae	Rhincodon	Rhincodon typus		SPECIES	Rhincodon typus Smith, 1828	Rhincodon typus	Smith, 1828	AU	Ling Creek Downstream		PRESENT		5fa89f68-9af0-4a0d-8998-ea39695c1db9	-12.29	142.1	500.0				3.0	0.0	2011-07-10	10	7	2011	2417522	2417522	MACHINE_OBSERVATION	IMOS	IMOS_ATF_AD					CC_BY_4_0					2025-10-07T16:31:05.073Z		GEODETIC_DATUM_ASSUMED_WGS84;FOOTPRINT_WKT_INVALID;CONTINENT_DERIVED_FROM_COORDINATES
3445640393	3f4d4bf1-5f9a-43f2-a0d8-ff6ed5952796	56773495-23167449-2011-07-28	Animalia	Chordata	Elasmobranchii	Orectolobiformes	Rhincodontidae	Rhincodon	Rhincodon typus		SPECIES	Rhincodon typus Smith, 1828	Rhincodon typus	Smith, 1828	AU	Ling Creek Downstream		PRESENT		5fa89f68-9af0-4a0d-8998-ea39695c1db9	-12.29	142.1	500.0				3.0	0.0	2011-07-28	28	7	2011	2417522	2417522	MACHINE_OBSERVATION	IMOS	IMOS_ATF_AD					CC_BY_4_0					2025-10-07T16:31:03.272Z		GEODETIC_DATUM_ASSUMED_WGS84;FOOTPRINT_WKT_INVALID;CONTINENT_DERIVED_FROM_COORDINATES
3445640392	3f4d4bf1-5f9a-43f2-a0d8-ff6ed5952796	56773471-29838646-2012-10-16	Animalia	Chordata	Elasmobranchii	Orectolobiformes	Rhincodontidae	Rhincodon	Rhincodon typus		SPECIES	Rhincodon typus Smith, 1828	Rhincodon typus	Smith, 1828	AU	Island Downstream		PRESENT		5fa89f68-9af0-4a0d-8998-ea39695c1db9	-12.27	141.98	500.0				3.0	0.0	2012-10-16	16	10	2012	2417522	2417522	MACHINE_OBSERVATION	IMOS	IMOS_ATF_AD					CC_BY_4_0					2025-10-07T16:31:03.182Z		GEODETIC_DATUM_ASSUMED_WGS84;FOOTPRINT_WKT_INVALID;CONTINENT_DERIVED_FROM_COORDINATES
3444883454	3f4d4bf1-5f9a-43f2-a0d8-ff6ed5952796	56773495-23592657-2011-11-19	Animalia	Chordata	Elasmobranchii	Orectolobiformes	Rhincodontidae	Rhincodon	Rhincodon typus		SPECIES	Rhincodon typus Smith, 1828	Rhincodon typus	Smith, 1828	AU	Ling Creek Downstream		PRESENT		5fa89f68-9af0-4a0d-8998-ea39695c1db9	-12.29	142.1	500.0				3.0	0.0	2011-11-19	19	11	2011	2417522	2417522	MACHINE_OBSERVATION	IMOS	IMOS_ATF_AD					CC_BY_4_0					2025-10-07T16:31:08.678Z		GEODETIC_DATUM_ASSUMED_WGS84;FOOTPRINT_WKT_INVALID;CONTINENT_DERIVED_FROM_COORDINATES
3444880610	3f4d4bf1-5f9a-43f2-a0d8-ff6ed5952796	56773495-23167449-2011-07-01	Animalia	Chordata	Elasmobranchii	Orectolobiformes	Rhincodontidae	Rhincodon	Rhincodon typus		SPECIES	Rhincodon typus Smith, 1828	Rhincodon typus	Smith, 1828	AU	Ling Creek Downstream		PRESENT		5fa89f68-9af0-4a0d-8998-ea39695c1db9	-12.29	142.1	500.0				3.0	0.0	2011-07-01	1	7	2011	2417522	2417522	MACHINE_OBSERVATION	IMOS	IMOS_ATF_AD					CC_BY_4_0					2025-10-07T16:31:05.069Z		GEODETIC_DATUM_ASSUMED_WGS84;FOOTPRINT_WKT_INVALID;CONTINENT_DERIVED_FROM_COORDINATES
3444879657	3f4d4bf1-5f9a-43f2-a0d8-ff6ed5952796	56773495-23592657-2011-11-05	Animalia	Chordata	Elasmobranchii	Orectolobiformes	Rhincodontidae	Rhincodon	Rhincodon typus		SPECIES	Rhincodon typus Smith, 1828	Rhincodon typus	Smith, 1828	AU	Ling Creek Downstream		PRESENT		5fa89f68-9af0-4a0d-8998-ea39695c1db9	-12.29	142.1	500.0				3.0	0.0	2011-11-05	5	11	2011	2417522	2417522	MACHINE_OBSERVATION	IMOS	IMOS_ATF_AD					CC_BY_4_0					2025-10-07T16:31:08.678Z		GEODETIC_DATUM_ASSUMED_WGS84;FOOTPRINT_WKT_INVALID;CONTINENT_DERIVED_FROM_COORDINATES
3444879656	3f4d4bf1-5f9a-43f2-a0d8-ff6ed5952796	56773495-23592657-2011-10-15	Animalia	Chordata	Elasmobranchii	Orectolobiformes	Rhincodontidae	Rhincodon	Rhincodon typus		SPECIES	Rhincodon typus Smith, 1828	Rhincodon typus	Smith, 1828	AU	Ling Creek Downstream		PRESENT		5fa89f68-9af0-4a0d-8998-ea39695c1db9	-12.29	142.1	500.0				3.0	0.0	2011-10-15	15	10	2011	2417522	2417522	MACHINE_OBSERVATION	IMOS	IMOS_ATF_AD					CC_BY_4_0					2025-10-07T16:31:08.674Z		GEODETIC_DATUM_ASSUMED_WGS84;FOOTPRINT_WKT_INVALID;CONTINENT_DERIVED_FROM_COORDINATES
3444876601	3f4d4bf1-5f9a-43f2-a0d8-ff6ed5952796	56773495-23592657-2011-10-12	Animalia	Chordata	Elasmobranchii	Orectolobiformes	Rhincodontidae	Rhincodon	Rhincodon typus		SPECIES	Rhincodon typus Smith, 1828	Rhincodon typus	Smith, 1828	AU	Ling Creek Downstream		PRESENT		5fa89f68-9af0-4a0d-8998-ea39695c1db9	-12.29	142.1	500.0				3.0	0.0	2011-10-12	12	10	2011	2417522	2417522	MACHINE_OBSERVATION	IMOS	IMOS_ATF_AD					CC_BY_4_0					2025-10-07T16:31:05.073Z		GEODETIC_DATUM_ASSUMED_WGS84;FOOTPRINT_WKT_INVALID;CONTINENT_DERIVED_FROM_COORDINATES
3384509309	50c9509d-22c7-4a22-a47d-8c48425ef4a7	https://www.inaturalist.org/observations/96209139	Animalia	Chordata	Elasmobranchii	Orectolobiformes	Rhincodontidae	Rhincodon	Rhincodon typus		SPECIES	Rhincodon typus Smith, 1828	Rhincodon typus		FJ		Eastern	PRESENT		28eb1a3f-1c15-4a95-931a-4af90ecb574d	-17.787098	178.997509	30716.0						2003-09-16T13:24	16	9	2003	2417522	2417522	HUMAN_OBSERVATION	iNaturalist	Observations	96209139		dnoby	2021-09-26T11:00:23	CC_BY_NC_4_0	dnoby	dnoby			2025-10-20T21:16:31.665Z	StillImage	COORDINATE_ROUNDED
3381323454	84a649ce-ff81-420d-9c41-aa1de59e3766	91f184a1-8041-4922-b5bb-487e40c7938d	Animalia	Chordata	Elasmobranchii	Orectolobiformes	Rhincodontidae	Rhincodon	Rhincodon typus		SPECIES	Rhincodon typus Smith, 1828	Rhincodon typus	Smith, 1828	AU		New South Wales	PRESENT	1	3c5e4331-7f2f-4a8d-aa56-81ece7014fc8	-36.809113	149.844756							2021-04-06T20:54:24Z	6	4	2021	2417522	2417522	HUMAN_OBSERVATION	Atlas of Living Australia			https://biocollect.ala.org.au/sightings/bioActivity/index/ab06d6e0-4ac5-475b-82dd-d51b092767f6			CC_BY_4_0	Atlas of Living Australia	Wendy Noble			2025-10-24T10:31:21.598Z	StillImage	CONTINENT_DERIVED_FROM_COORDINATES
3355550457	50c9509d-22c7-4a22-a47d-8c48425ef4a7	https://www.inaturalist.org/observations/93237082	Animalia	Chordata	Elasmobranchii	Orectolobiformes	Rhincodontidae	Rhincodon	Rhincodon typus		SPECIES	Rhincodon typus Smith, 1828	Rhincodon typus		NZ		Auckland	PRESENT		28eb1a3f-1c15-4a95-931a-4af90ecb574d	-36.117757	175.467685	28592.0						2021-05-28T13:18:51	28	5	2021	2417522	2417522	HUMAN_OBSERVATION	iNaturalist	Observations	93237082		Sophie Futter	2021-09-01T08:51:32	CC_BY_NC_4_0	Sophie Futter	Sophie Futter			2025-10-20T19:42:07.927Z	StillImage	COORDINATE_ROUNDED;CONTINENT_DERIVED_FROM_COORDINATES
3086053387	96bb53c5-01ae-48fc-b5c2-26c549a50089	1404_101678	Animalia	Chordata	Elasmobranchii	Orectolobiformes	Rhincodontidae	Rhincodon	Rhincodon typus		SPECIES	Rhincodon typus Smith, 1828	Rhincodon typus	Smith, 1828	NC			PRESENT		67b2263f-6990-4d9d-b32b-20aa72ef4fbc	-21.311653	166.675788	0.11	1.0E-6					2014-11-12	12	11	2014	2417522	2417522	HUMAN_OBSERVATION	PELAGIS	1404	1404_101678	1404_101678		2014-11-12T00:00:00	CC_BY_NC_4_0	PELAGIS				2025-10-09T11:27:04.880Z		COUNTRY_DERIVED_FROM_COORDINATES
3086052464	96bb53c5-01ae-48fc-b5c2-26c549a50089	1404_103640	Animalia	Chordata	Elasmobranchii	Orectolobiformes	Rhincodontidae	Rhincodon	Rhincodon typus		SPECIES	Rhincodon typus Smith, 1828	Rhincodon typus	Smith, 1828	NC			PRESENT		67b2263f-6990-4d9d-b32b-20aa72ef4fbc	-23.109138	167.121455	0.11	1.0E-6					2014-11-18	18	11	2014	2417522	2417522	HUMAN_OBSERVATION	PELAGIS	1404	1404_103640	1404_103640		2014-11-18T00:00:00	CC_BY_NC_4_0	PELAGIS				2025-10-09T11:26:50.451Z		COUNTRY_DERIVED_FROM_COORDINATES
3086052367	96bb53c5-01ae-48fc-b5c2-26c549a50089	1404_101679	Animalia	Chordata	Elasmobranchii	Orectolobiformes	Rhincodontidae	Rhincodon	Rhincodon typus		SPECIES	Rhincodon typus Smith, 1828	Rhincodon typus	Smith, 1828	NC			PRESENT		67b2263f-6990-4d9d-b32b-20aa72ef4fbc	-21.291282	167.037422	0.11	1.0E-6					2014-11-12	12	11	2014	2417522	2417522	HUMAN_OBSERVATION	PELAGIS	1404	1404_101679	1404_101679		2014-11-12T00:00:00	CC_BY_NC_4_0	PELAGIS				2025-10-09T11:27:05.218Z		COUNTRY_DERIVED_FROM_COORDINATES
3086051484	96bb53c5-01ae-48fc-b5c2-26c549a50089	1404_103639	Animalia	Chordata	Elasmobranchii	Orectolobiformes	Rhincodontidae	Rhincodon	Rhincodon typus		SPECIES	Rhincodon typus Smith, 1828	Rhincodon typus	Smith, 1828	NC			PRESENT		67b2263f-6990-4d9d-b32b-20aa72ef4fbc	-19.811833	162.529112	0.11	1.0E-6					2014-11-18	18	11	2014	2417522	2417522	HUMAN_OBSERVATION	PELAGIS	1404	1404_103639	1404_103639		2014-11-18T00:00:00	CC_BY_NC_4_0	PELAGIS				2025-10-09T11:26:50.205Z		COUNTRY_DERIVED_FROM_COORDINATES
3086050168	96bb53c5-01ae-48fc-b5c2-26c549a50089	1404_97960	Animalia	Chordata	Elasmobranchii	Orectolobiformes	Rhincodontidae	Rhincodon	Rhincodon typus		SPECIES	Rhincodon typus Smith, 1828	Rhincodon typus	Smith, 1828	NC			PRESENT		67b2263f-6990-4d9d-b32b-20aa72ef4fbc	-21.129653	163.840507	0.11	1.0E-6					2014-10-28	28	10	2014	2417522	2417522	HUMAN_OBSERVATION	PELAGIS	1404	1404_97960	1404_97960		2014-10-28T00:00:00	CC_BY_NC_4_0	PELAGIS				2025-10-09T11:27:05.563Z		COUNTRY_DERIVED_FROM_COORDINATES
3086048144	96bb53c5-01ae-48fc-b5c2-26c549a50089	1404_97367	Animalia	Chordata	Elasmobranchii	Orectolobiformes	Rhincodontidae	Rhincodon	Rhincodon typus		SPECIES	Rhincodon typus Smith, 1828	Rhincodon typus	Smith, 1828	NC			PRESENT		67b2263f-6990-4d9d-b32b-20aa72ef4fbc	-20.632142	162.045375	0.11	1.0E-6					2014-10-27	27	10	2014	2417522	2417522	HUMAN_OBSERVATION	PELAGIS	1404	1404_97367	1404_97367		2014-10-27T00:00:00	CC_BY_NC_4_0	PELAGIS				2025-10-09T11:27:08.308Z		COUNTRY_DERIVED_FROM_COORDINATES
3086046311	96bb53c5-01ae-48fc-b5c2-26c549a50089	1404_99791	Animalia	Chordata	Elasmobranchii	Orectolobiformes	Rhincodontidae	Rhincodon	Rhincodon typus		SPECIES	Rhincodon typus Smith, 1828	Rhincodon typus	Smith, 1828	NC			PRESENT		67b2263f-6990-4d9d-b32b-20aa72ef4fbc	-22.080327	165.926405	0.11	1.0E-6					2014-10-31	31	10	2014	2417522	2417522	HUMAN_OBSERVATION	PELAGIS	1404	1404_99791	1404_99791		2014-10-31T00:00:00	CC_BY_NC_4_0	PELAGIS				2025-10-09T11:27:03.218Z		COUNTRY_DERIVED_FROM_COORDINATES
3086044305	96bb53c5-01ae-48fc-b5c2-26c549a50089	1404_99574	Animalia	Chordata	Elasmobranchii	Orectolobiformes	Rhincodontidae	Rhincodon	Rhincodon typus		SPECIES	Rhincodon typus Smith, 1828	Rhincodon typus	Smith, 1828	NC			PRESENT		67b2263f-6990-4d9d-b32b-20aa72ef4fbc	-22.173515	167.225305	0.11	1.0E-6					2014-10-30	30	10	2014	2417522	2417522	HUMAN_OBSERVATION	PELAGIS	1404	1404_99574	1404_99574		2014-10-30T00:00:00	CC_BY_NC_4_0	PELAGIS				2025-10-09T11:27:03.898Z		COUNTRY_DERIVED_FROM_COORDINATES
3086043240	96bb53c5-01ae-48fc-b5c2-26c549a50089	1404_98768	Animalia	Chordata	Elasmobranchii	Orectolobiformes	Rhincodontidae	Rhincodon	Rhincodon typus		SPECIES	Rhincodon typus Smith, 1828	Rhincodon typus	Smith, 1828	NC			PRESENT		67b2263f-6990-4d9d-b32b-20aa72ef4fbc	-22.531013	168.090517	0.11	1.0E-6					2014-10-29	29	10	2014	2417522	2417522	HUMAN_OBSERVATION	PELAGIS	1404	1404_98768	1404_98768		2014-10-29T00:00:00	CC_BY_NC_4_0	PELAGIS				2025-10-09T11:26:50.165Z		COUNTRY_DERIVED_FROM_COORDINATES
3086042180	96bb53c5-01ae-48fc-b5c2-26c549a50089	1404_97959	Animalia	Chordata	Elasmobranchii	Orectolobiformes	Rhincodontidae	Rhincodon	Rhincodon typus		SPECIES	Rhincodon typus Smith, 1828	Rhincodon typus	Smith, 1828	NC			PRESENT		67b2263f-6990-4d9d-b32b-20aa72ef4fbc	-22.974225	166.652272	0.11	1.0E-6					2014-10-28	28	10	2014	2417522	2417522	HUMAN_OBSERVATION	PELAGIS	1404	1404_97959	1404_97959		2014-10-28T00:00:00	CC_BY_NC_4_0	PELAGIS				2025-10-09T11:27:04.362Z		COUNTRY_DERIVED_FROM_COORDINATES
3086040295	96bb53c5-01ae-48fc-b5c2-26c549a50089	1404_99576	Animalia	Chordata	Elasmobranchii	Orectolobiformes	Rhincodontidae	Rhincodon	Rhincodon typus		SPECIES	Rhincodon typus Smith, 1828	Rhincodon typus	Smith, 1828	NC			PRESENT		67b2263f-6990-4d9d-b32b-20aa72ef4fbc	-22.634015	167.624635	0.11	1.0E-6					2014-10-30	30	10	2014	2417522	2417522	HUMAN_OBSERVATION	PELAGIS	1404	1404_99576	1404_99576		2014-10-30T00:00:00	CC_BY_NC_4_0	PELAGIS				2025-10-09T11:27:04.127Z		COUNTRY_DERIVED_FROM_COORDINATES
3086037299	96bb53c5-01ae-48fc-b5c2-26c549a50089	1404_99575	Animalia	Chordata	Elasmobranchii	Orectolobiformes	Rhincodontidae	Rhincodon	Rhincodon typus		SPECIES	Rhincodon typus Smith, 1828	Rhincodon typus	Smith, 1828	NC			PRESENT		67b2263f-6990-4d9d-b32b-20aa72ef4fbc	-22.597322	170.576348	0.11	1.0E-6					2014-10-30	30	10	2014	2417522	2417522	HUMAN_OBSERVATION	PELAGIS	1404	1404_99575	1404_99575		2014-10-30T00:00:00	CC_BY_NC_4_0	PELAGIS				2025-10-09T11:27:03.826Z		COUNTRY_DERIVED_FROM_COORDINATES
3086035169	96bb53c5-01ae-48fc-b5c2-26c549a50089	1404_96946	Animalia	Chordata	Elasmobranchii	Orectolobiformes	Rhincodontidae	Rhincodon	Rhincodon typus		SPECIES	Rhincodon typus Smith, 1828	Rhincodon typus	Smith, 1828	NC			PRESENT		67b2263f-6990-4d9d-b32b-20aa72ef4fbc	-23.32874	167.560618	0.11	1.0E-6					2014-10-19	19	10	2014	2417522	2417522	HUMAN_OBSERVATION	PELAGIS	1404	1404_96946	1404_96946		2014-10-19T00:00:00	CC_BY_NC_4_0	PELAGIS				2025-10-09T11:27:00.194Z		COUNTRY_DERIVED_FROM_COORDINATES
3085977345	96bb53c5-01ae-48fc-b5c2-26c549a50089	1404_100939	Animalia	Chordata	Elasmobranchii	Orectolobiformes	Rhincodontidae	Rhincodon	Rhincodon typus		SPECIES	Rhincodon typus Smith, 1828	Rhincodon typus	Smith, 1828	NC			PRESENT		67b2263f-6990-4d9d-b32b-20aa72ef4fbc	-19.783417	166.283095	0.11	1.0E-6					2014-11-09	9	11	2014	2417522	2417522	HUMAN_OBSERVATION	PELAGIS	1404	1404_100939	1404_100939		2014-11-09T00:00:00	CC_BY_NC_4_0	PELAGIS				2025-10-09T11:27:04.183Z		COUNTRY_DERIVED_FROM_COORDINATES
3085975378	96bb53c5-01ae-48fc-b5c2-26c549a50089	1404_101200	Animalia	Chordata	Elasmobranchii	Orectolobiformes	Rhincodontidae	Rhincodon	Rhincodon typus		SPECIES	Rhincodon typus Smith, 1828	Rhincodon typus	Smith, 1828	NC			PRESENT		67b2263f-6990-4d9d-b32b-20aa72ef4fbc	-19.211945	163.506558	0.11	1.0E-6					2014-11-11	11	11	2014	2417522	2417522	HUMAN_OBSERVATION	PELAGIS	1404	1404_101200	1404_101200		2014-11-11T00:00:00	CC_BY_NC_4_0	PELAGIS				2025-10-09T11:26:52.669Z		COUNTRY_DERIVED_FROM_COORDINATES
3085972376	96bb53c5-01ae-48fc-b5c2-26c549a50089	1404_101201	Animalia	Chordata	Elasmobranchii	Orectolobiformes	Rhincodontidae	Rhincodon	Rhincodon typus		SPECIES	Rhincodon typus Smith, 1828	Rhincodon typus	Smith, 1828	NC			PRESENT		67b2263f-6990-4d9d-b32b-20aa72ef4fbc	-19.816617	161.561445	0.11	1.0E-6					2014-11-11	11	11	2014	2417522	2417522	HUMAN_OBSERVATION	PELAGIS	1404	1404_101201	1404_101201		2014-11-11T00:00:00	CC_BY_NC_4_0	PELAGIS				2025-10-09T11:26:53.238Z		COUNTRY_DERIVED_FROM_COORDINATES
3085969310	96bb53c5-01ae-48fc-b5c2-26c549a50089	1404_100657	Animalia	Chordata	Elasmobranchii	Orectolobiformes	Rhincodontidae	Rhincodon	Rhincodon typus		SPECIES	Rhincodon typus Smith, 1828	Rhincodon typus	Smith, 1828	NC			PRESENT		67b2263f-6990-4d9d-b32b-20aa72ef4fbc	-20.580288	166.210777	0.11	1.0E-6					2014-11-08	8	11	2014	2417522	2417522	HUMAN_OBSERVATION	PELAGIS	1404	1404_100657	1404_100657		2014-11-08T00:00:00	CC_BY_NC_4_0	PELAGIS				2025-10-09T11:26:52.925Z		COUNTRY_DERIVED_FROM_COORDINATES
3085968574	96bb53c5-01ae-48fc-b5c2-26c549a50089	1404_105137	Animalia	Chordata	Elasmobranchii	Orectolobiformes	Rhincodontidae	Rhincodon	Rhincodon typus		SPECIES	Rhincodon typus Smith, 1828	Rhincodon typus	Smith, 1828	NC			PRESENT		67b2263f-6990-4d9d-b32b-20aa72ef4fbc	-20.59319	163.955238	0.11	1.0E-6					2014-12-10	10	12	2014	2417522	2417522	HUMAN_OBSERVATION	PELAGIS	1404	1404_105137	1404_105137		2014-12-10T00:00:00	CC_BY_NC_4_0	PELAGIS				2025-10-09T11:27:09.518Z		COUNTRY_DERIVED_FROM_COORDINATES
3085968300	96bb53c5-01ae-48fc-b5c2-26c549a50089	1404_100083	Animalia	Chordata	Elasmobranchii	Orectolobiformes	Rhincodontidae	Rhincodon	Rhincodon typus		SPECIES	Rhincodon typus Smith, 1828	Rhincodon typus	Smith, 1828	NC			PRESENT		67b2263f-6990-4d9d-b32b-20aa72ef4fbc	-22.227542	165.948068	0.11	1.0E-6					2014-11-02	2	11	2014	2417522	2417522	HUMAN_OBSERVATION	PELAGIS	1404	1404_100083	1404_100083		2014-11-02T00:00:00	CC_BY_NC_4_0	PELAGIS				2025-10-09T11:26:54.781Z		COUNTRY_DERIVED_FROM_COORDINATES
3085968117	96bb53c5-01ae-48fc-b5c2-26c549a50089	1404_96381	Animalia	Chordata	Elasmobranchii	Orectolobiformes	Rhincodontidae	Rhincodon	Rhincodon typus		SPECIES	Rhincodon typus Smith, 1828	Rhincodon typus	Smith, 1828	NC			PRESENT		67b2263f-6990-4d9d-b32b-20aa72ef4fbc	-22.414665	165.365737	0.11	1.0E-6					2014-10-17	17	10	2014	2417522	2417522	HUMAN_OBSERVATION	PELAGIS	1404	1404_96381	1404_96381		2014-10-17T00:00:00	CC_BY_NC_4_0	PELAGIS				2025-10-09T11:26:59.660Z		COUNTRY_DERIVED_FROM_COORDINATES
3085967142	96bb53c5-01ae-48fc-b5c2-26c549a50089	1404_96213	Animalia	Chordata	Elasmobranchii	Orectolobiformes	Rhincodontidae	Rhincodon	Rhincodon typus		SPECIES	Rhincodon typus Smith, 1828	Rhincodon typus	Smith, 1828	NC			PRESENT		67b2263f-6990-4d9d-b32b-20aa72ef4fbc	-21.749637	164.44176	0.11	1.0E-6					2014-10-16	16	10	2014	2417522	2417522	HUMAN_OBSERVATION	PELAGIS	1404	1404_96213	1404_96213		2014-10-16T00:00:00	CC_BY_NC_4_0	PELAGIS				2025-10-09T11:26:52.743Z		COUNTRY_DERIVED_FROM_COORDINATES
3079850868	50c9509d-22c7-4a22-a47d-8c48425ef4a7	https://www.inaturalist.org/observations/73082383	Animalia	Chordata	Elasmobranchii	Orectolobiformes	Rhincodontidae	Rhincodon	Rhincodon typus		SPECIES	Rhincodon typus Smith, 1828	Rhincodon typus		AU		New South Wales	PRESENT		28eb1a3f-1c15-4a95-931a-4af90ecb574d	-37.009497	149.932372	5.0						2021-04-06T13:24:44	6	4	2021	2417522	2417522	HUMAN_OBSERVATION	iNaturalist	Observations	73082383		Mick Bettanin	2021-04-06T03:53:18	CC_BY_NC_4_0	Mick Bettanin	Mick Bettanin			2025-10-20T21:54:18.926Z	StillImage	COORDINATE_ROUNDED;CONTINENT_DERIVED_FROM_COORDINATES
3061825805	50c9509d-22c7-4a22-a47d-8c48425ef4a7	https://www.inaturalist.org/observations/71465470	Animalia	Chordata	Elasmobranchii	Orectolobiformes	Rhincodontidae	Rhincodon	Rhincodon typus		SPECIES	Rhincodon typus Smith, 1828	Rhincodon typus		AU		New South Wales	PRESENT		28eb1a3f-1c15-4a95-931a-4af90ecb574d	-33.992116	151.231191	208.0						1965-02-17	17	2	1965	2417522	2417522	HUMAN_OBSERVATION	iNaturalist	Observations	71465470		Mark McGrouther	2021-03-18T03:09:19	CC_BY_NC_4_0	Mark McGrouther	Mark McGrouther			2025-10-20T20:51:56.986Z	StillImage	COORDINATE_ROUNDED;CONTINENT_DERIVED_FROM_COORDINATES
3044638952	50c9509d-22c7-4a22-a47d-8c48425ef4a7	https://www.inaturalist.org/observations/69493059	Animalia	Chordata	Elasmobranchii	Orectolobiformes	Rhincodontidae	Rhincodon	Rhincodon typus		SPECIES	Rhincodon typus Smith, 1828	Rhincodon typus		AU		Queensland	PRESENT		28eb1a3f-1c15-4a95-931a-4af90ecb574d	-25.968444	153.170965	1.0						2021-02-13T13:29	13	2	2021	2417522	2417522	HUMAN_OBSERVATION	iNaturalist	Observations	69493059		donnamareetomkinson	2021-02-13T08:00:33	CC_BY_NC_4_0	donnamareetomkinson	donnamareetomkinson			2025-10-20T21:53:41.123Z	StillImage	COORDINATE_ROUNDED;CONTINENT_DERIVED_FROM_COORDINATES
3031993312	50c9509d-22c7-4a22-a47d-8c48425ef4a7	https://www.inaturalist.org/observations/68353248	Animalia	Chordata	Elasmobranchii	Orectolobiformes	Rhincodontidae	Rhincodon	Rhincodon typus		SPECIES	Rhincodon typus Smith, 1828	Rhincodon typus		NZ			PRESENT		28eb1a3f-1c15-4a95-931a-4af90ecb574d	-34.503467	173.581628	28818.0						2021-01-11T12:45	11	1	2021	2417522	2417522	HUMAN_OBSERVATION	iNaturalist	Observations	68353248		Sarah Dwyer	2021-01-20T03:14:15	CC_BY_NC_4_0	Sarah Dwyer	Sarah Dwyer			2025-10-20T19:33:34.428Z	StillImage	COORDINATE_ROUNDED;COUNTRY_DERIVED_FROM_COORDINATES
2864567950	50c9509d-22c7-4a22-a47d-8c48425ef4a7	https://www.inaturalist.org/observations/59498562	Animalia	Chordata	Elasmobranchii	Orectolobiformes	Rhincodontidae	Rhincodon	Rhincodon typus		SPECIES	Rhincodon typus Smith, 1828	Rhincodon typus		AU			PRESENT		28eb1a3f-1c15-4a95-931a-4af90ecb574d	-16.131758	145.846721	30841.0						2012-04-10T11:30	10	4	2012	2417522	2417522	HUMAN_OBSERVATION	iNaturalist	Observations	59498562		John D Reynolds	2020-09-13T20:57:13	CC_BY_4_0	John D Reynolds	John D Reynolds			2025-10-20T21:52:12.418Z	StillImage	COORDINATE_ROUNDED;COUNTRY_DERIVED_FROM_COORDINATES
2806172660	0645ccdb-e001-4ab0-9729-51f1755e007e	348281b8-9c0c-4a31-84ee-7122159cbdfa	Animalia	Chordata	Elasmobranchii	Orectolobiformes	Rhincodontidae	Rhincodon	Rhincodon typus		SPECIES	Rhincodon typus Smith, 1828	Rhincodon typus	Smith, 1828	AU	locality withheld	New South Wales	PRESENT		ef66652d-3cc3-4140-b268-a07d1e53441b	-32.791692	152.116254	10.0	1.0E-9					2012-04-04	4	4	2012	2417522	2417522	HUMAN_OBSERVATION	NSW Dept of Planning, Industry and Environment	BioNet Atlas of NSW Wildlife	SCXG12060501				CC_BY_4_0	NSW Dept of Planning and Environment	OCXG12041200			2025-10-24T20:55:36.197Z		CONTINENT_DERIVED_FROM_COORDINATES
2805974901	0645ccdb-e001-4ab0-9729-51f1755e007e	ac45f09a-11de-4863-83c5-ede827f0b760	Animalia	Chordata	Elasmobranchii	Orectolobiformes	Rhincodontidae	Rhincodon	Rhincodon typus		SPECIES	Rhincodon typus Smith, 1828	Rhincodon typus	Smith, 1828	AU	locality withheld	New South Wales	PRESENT		ef66652d-3cc3-4140-b268-a07d1e53441b	-28.807439	153.626573	1000.0	1.0E-9					2012-04-16	16	4	2012	2417522	2417522	HUMAN_OBSERVATION	NSW Dept of Planning, Industry and Environment	BioNet Atlas of NSW Wildlife	SCXG12060500				CC_BY_4_0	NSW Dept of Planning and Environment	OCXG12041200			2025-10-24T20:56:19.362Z		CONTINENT_DERIVED_FROM_COORDINATES
2576375889	50c9509d-22c7-4a22-a47d-8c48425ef4a7	https://www.inaturalist.org/observations/39509797	Animalia	Chordata	Elasmobranchii	Orectolobiformes	Rhincodontidae	Rhincodon	Rhincodon typus		SPECIES	Rhincodon typus Smith, 1828	Rhincodon typus		AU		New South Wales	PRESENT		28eb1a3f-1c15-4a95-931a-4af90ecb574d	-30.202139	153.266957	2.0						2017-03-01T13:20	1	3	2017	2417522	2417522	HUMAN_OBSERVATION	iNaturalist	Observations	39509797		Brett Vercoe	2020-03-03T23:53:58	CC_BY_NC_4_0	Brett Vercoe	Brett Vercoe			2025-10-20T19:26:27.553Z	StillImage	COORDINATE_ROUNDED;CONTINENT_DERIVED_FROM_COORDINATES
1936751649	c6ca96bc-7cf5-4fe7-ac44-d01e06394ef3	c5b49c6e-cae0-40b3-ae3d-31f3cc9214e8	Animalia	Chordata	Elasmobranchii	Orectolobiformes	Rhincodontidae	Rhincodon	Rhincodon typus		SPECIES	Rhincodon typus Smith, 1828	Rhincodon typus	Smith, 1828	AU	Ribbon Reefs, Queensland		PRESENT	5	770c30d2-c2a8-4bb2-8056-6167297cddae	-15.046927	145.743256	42885.0						2016-10-22T12:00	22	10	2016	2417522	2417522	OBSERVATION	AM		urn:lirs.australianmuseum.net.au:identification:27AcFKXn		Brutus Newbold		CC_BY_4_0		Brutus Newbold			2025-10-24T10:17:39.251Z		
1936743214	c6ca96bc-7cf5-4fe7-ac44-d01e06394ef3	580dd1d3-23e2-43d2-b78a-ee4ade6e026c	Animalia	Chordata	Elasmobranchii	Orectolobiformes	Rhincodontidae	Rhincodon	Rhincodon typus		SPECIES	Rhincodon typus Smith, 1828	Rhincodon typus	Smith, 1828	AU	Ribbon Reef #10		PRESENT	1	770c30d2-c2a8-4bb2-8056-6167297cddae	-14.664806	145.663433	2497.0						2016-01-05T12:00	5	1	2016	2417522	2417522	OBSERVATION	AM		urn:lirs.australianmuseum.net.au:identification:204ixZfY		Gemma Molinaro		CC_BY_4_0		Gemma Molinaro			2025-10-24T10:17:36.002Z		
1305110069	50c9509d-22c7-4a22-a47d-8c48425ef4a7	http://naturewatch.org.nz/observations/409194	Animalia	Chordata	Elasmobranchii	Orectolobiformes	Rhincodontidae	Rhincodon	Rhincodon typus		SPECIES	Rhincodon typus Smith, 1828	Rhincodon typus		NZ			PRESENT		28eb1a3f-1c15-4a95-931a-4af90ecb574d	-34.556161	173.414468	28818.0						2013-04-09	9	4	2013	2417522	2417522	HUMAN_OBSERVATION	iNaturalist	Observations	1005517		Clinton Duffy	2016-07-25T11:54:06	CC_BY_NC_4_0	Phil Bendle	Phil Bendle			2025-10-20T21:44:08.854Z		COORDINATE_ROUNDED;COUNTRY_DERIVED_FROM_COORDINATES
1100703288	dce8feb0-6c89-11de-8225-b8a03c50a862	852dd09a-72b1-4f78-8d2c-4ce42a513340	Animalia	Chordata	Elasmobranchii	Orectolobiformes	Rhincodontidae	Rhincodon	Rhincodon typus		SPECIES	Rhincodon typus Smith, 1828	Rhincodon typus	Smith, 1828	AU		New South Wales	PRESENT		770c30d2-c2a8-4bb2-8056-6167297cddae	-34.0	151.23334	10000.0						1965-02-16	16	2	1965	2417522	2417522	OCCURRENCE	AM	Ichthyology	IB.7314				CC_BY_4_0		G P WHITLEY & J BEEMAN			2025-10-24T10:05:37.713Z		CONTINENT_DERIVED_FROM_COORDINATES
1100703124	dce8feb0-6c89-11de-8225-b8a03c50a862	b94329aa-b818-4f1b-8108-2873bcb54ab8	Animalia	Chordata	Elasmobranchii	Orectolobiformes	Rhincodontidae	Rhincodon	Rhincodon typus		SPECIES	Rhincodon typus Smith, 1828	Rhincodon typus	Smith, 1828	AU		New South Wales	PRESENT		770c30d2-c2a8-4bb2-8056-6167297cddae	-32.816666	152.13333	10000.0						1964-04		4	1964	2417522	2417522	OCCURRENCE	AM	Ichthyology	IB.7100				CC_BY_4_0		A.F. D'Ombrain			2025-10-24T10:05:33.685Z		CONTINENT_DERIVED_FROM_COORDINATES
1100703106	dce8feb0-6c89-11de-8225-b8a03c50a862	81951282-6957-4196-88a3-6fad39c849d9	Animalia	Chordata	Elasmobranchii	Orectolobiformes	Rhincodontidae	Rhincodon	Rhincodon typus		SPECIES	Rhincodon typus Smith, 1828	Rhincodon typus	Smith, 1828	AU		New South Wales	PRESENT		770c30d2-c2a8-4bb2-8056-6167297cddae	-32.816666	152.13333	10000.0						1964-04		4	1964	2417522	2417522	OCCURRENCE	AM	Ichthyology	IB.7100-002				CC_BY_4_0		A.F. D'Ombrain			2025-10-24T10:05:45.597Z		CONTINENT_DERIVED_FROM_COORDINATES
1100629535	dce8feb0-6c89-11de-8225-b8a03c50a862	4311390e-a616-44b7-bc96-fe16d2ee7fb1	Animalia	Chordata	Elasmobranchii	Orectolobiformes	Rhincodontidae	Rhincodon	Rhincodon typus		SPECIES	Rhincodon typus Smith, 1828	Rhincodon typus	Smith, 1828	AU		Queensland	PRESENT		770c30d2-c2a8-4bb2-8056-6167297cddae	-11.741944	144.03722							1993-01-11	11	1	1993	2417522	2417522	OCCURRENCE	AM	Ichthyology	I.33692-003		PARTY, AMS	1993-01-01T00:00:00	CC_BY_4_0		AMS team on MV Njoy			2025-10-24T10:05:21.519Z		
1038327240	50c9509d-22c7-4a22-a47d-8c48425ef4a7	http://naturewatch.org.nz/observations/409474	Animalia	Chordata	Elasmobranchii	Orectolobiformes	Rhincodontidae	Rhincodon	Rhincodon typus		SPECIES	Rhincodon typus Smith, 1828	Rhincodon typus		NZ			PRESENT		28eb1a3f-1c15-4a95-931a-4af90ecb574d	-35.28231	174.793033	28706.0						2007-02-11	11	2	2007	2417522	2417522	HUMAN_OBSERVATION	iNaturalist	Observations	1005779		Jon Sullivan	2014-06-23T23:42:54	CC_BY_NC_4_0	Phil Bendle	Phil Bendle			2025-10-20T21:43:51.269Z		COORDINATE_ROUNDED;COUNTRY_DERIVED_FROM_COORDINATES
